{"N":919,"y":[0.7884573603642703,0.7884573603642703,1.0647107369924282,0.0,1.1314021114911006,0.9162907318741551,0.4054651081081644,0.0,-0.35667494393873245,0.1823215567939546,0.1823215567939546,0.26236426446749106,0.3364722366212129,-0.916290731874155,0.09531017980432493,1.5040773967762742,0.26236426446749106,0.7419373447293773,1.7749523509116738,1.1939224684724346,0.5877866649021191,1.6863989535702288,1.840549633397487,0.6418538861723947,1.8870696490323797,1.1314021114911006,1.916922612182061,1.9459101490553132,2.0412203288596382,1.6486586255873816,1.5040773967762742,1.4816045409242156,1.0296194171811581,2.0918640616783932,0.47000362924573563,1.4350845252893227,1.6863989535702288,1.3862943611198906,0.8329091229351039,1.0647107369924282,0.3364722366212129,1.1939224684724346,1.0647107369924282,0.5877866649021191,-1.6094379124341003,0.8754687373538999,0.09531017980432493,0.7884573603642703,-0.5108256237659907,0.5306282510621704,1.0647107369924282,0.7884573603642703,0.5306282510621704,0.3364722366212129,0.6418538861723947,0.5877866649021191,0.1823215567939546,1.4586150226995167,1.5040773967762742,1.840549633397487,1.5260563034950492,1.7404661748405046,0.7884573603642703,-0.916290731874155,1.5260563034950492,1.4816045409242156,1.8870696490323797,0.9932517730102834,1.0647107369924282,1.0647107369924282,1.9740810260220096,1.6094379124341003,0.9555114450274363,1.6094379124341003,2.5649493574615367,1.9740810260220096,1.916922612182061,2.5494451709255714,1.7578579175523736,2.2512917986064953,1.791759469228055,1.33500106673234,2.6602595372658615,0.5877866649021191,1.9315214116032138,1.547562508716013,2.2512917986064953,0.9162907318741551,1.9021075263969205,1.3862943611198906,2.312535423847214,0.7884573603642703,0.5877866649021191,1.2237754316221157,1.7227665977411035,1.4586150226995167,1.3609765531356006,0.26236426446749106,1.4350845252893227,-0.2231435513142097,0.6931471805599453,0.47000362924573563,2.5572273113676265,2.6878474937846906,1.547562508716013,2.2617630984737906,-2.3025850929940455,1.308332819650179,2.0014800002101243,0.6418538861723947,1.667706820558076,1.3862943611198906,2.0412203288596382,0.3364722366212129,2.302585092994046,2.2407096892759584,-0.2231435513142097,1.4816045409242156,1.6094379124341003,0.7419373447293773,0.5306282510621704,2.0918640616783932,-0.10536051565782628,2.5572273113676265,0.9555114450274363,1.252762968495368,3.2809112157876537,0.4054651081081644,2.5649493574615367,2.174751721484161,2.970414465569701,0.9162907318741551,2.1972245773362196,2.5726122302071057,1.2809338454620642,1.9315214116032138,1.5686159179138452,1.2237754316221157,-0.10536051565782628,1.2237754316221157,0.9932517730102834,0.3364722366212129,1.916922612182061,2.4069451083182885,-2.3025850929940455,0.9162907318741551,0.5877866649021191,0.47000362924573563,0.0,-0.10536051565782628,1.0647107369924282,1.4816045409242156,0.4054651081081644,1.410986973710262,0.9162907318741551,1.9021075263969205,1.4586150226995167,1.7047480922384253,1.2809338454620642,1.0296194171811581,2.681021528714291,1.9021075263969205,2.0794415416798357,0.9555114450274363,1.0296194171811581,1.4816045409242156,0.5306282510621704,0.6931471805599453,0.6931471805599453,0.4054651081081644,2.2617630984737906,2.0918640616783932,1.252762968495368,-0.2231435513142097,1.62924053973028,1.1631508098056809,2.379546134130174,2.1041341542702074,1.840549633397487,1.5686159179138452,1.791759469228055,0.09531017980432493,2.163323025660538,2.174751721484161,1.916922612182061,0.8329091229351039,0.47000362924573563,1.0296194171811581,1.8718021769015913,0.5306282510621704,1.5260563034950492,1.1939224684724346,1.4816045409242156,3.054001181677967,2.2082744135228043,-0.10536051565782628,1.589235205116581,1.6094379124341003,0.09531017980432493,2.028148247292285,1.6863989535702288,1.2809338454620642,1.589235205116581,1.547562508716013,0.3364722366212129,1.2237754316221157,1.4350845252893227,0.9162907318741551,0.3364722366212129,0.3364722366212129,0.6418538861723947,1.5686159179138452,0.3364722366212129,1.33500106673234,2.174751721484161,1.4586150226995167,1.4816045409242156,1.5040773967762742,0.7884573603642703,-0.6931471805599453,1.7578579175523736,1.6863989535702288,1.9740810260220096,1.7404661748405046,2.0014800002101243,1.5686159179138452,1.916922612182061,1.8562979903656263,1.308332819650179,1.7047480922384253,2.0541237336955462,1.4816045409242156,0.9932517730102834,1.2237754316221157,1.4350845252893227,0.8329091229351039,0.26236426446749106,1.6486586255873816,-2.3025850929940455,0.9162907318741551,1.1631508098056809,1.1631508098056809,2.2617630984737906,1.4350845252893227,2.1972245773362196,1.840549633397487,3.484312288372662,2.580216829592325,0.7884573603642703,1.7227665977411035,2.6602595372658615,1.9315214116032138,2.028148247292285,2.2823823856765264,0.9555114450274363,3.7727609380946383,1.589235205116581,1.589235205116581,1.252762968495368,1.5686159179138452,1.7227665977411035,1.252762968495368,1.3609765531356006,1.9021075263969205,2.066862759472976,1.1939224684724346,0.7419373447293773,0.47000362924573563,1.3862943611198906,0.5877866649021191,0.9162907318741551,2.4159137783010487,0.9555114450274363,1.3609765531356006,2.0014800002101243,0.26236426446749106,-0.10536051565782628,-0.916290731874155,0.9162907318741551,1.791759469228055,0.6931471805599453,1.6863989535702288,1.0986122886681098,1.0647107369924282,1.7047480922384253,1.410986973710262,1.3609765531356006,2.7013612129514133,1.9740810260220096,0.8329091229351039,1.0296194171811581,1.4816045409242156,0.4054651081081644,2.151762203259462,1.7227665977411035,2.151762203259462,1.33500106673234,0.5877866649021191,0.6418538861723947,1.7047480922384253,0.9162907318741551,-0.2231435513142097,0.7419373447293773,1.0296194171811581,1.3609765531356006,1.4586150226995167,1.547562508716013,1.0296194171811581,1.410986973710262,0.47000362924573563,1.4586150226995167,-0.35667494393873245,1.7047480922384253,1.1939224684724346,1.7047480922384253,0.9162907318741551,0.9932517730102834,2.128231705849268,1.1939224684724346,1.1631508098056809,2.151762203259462,0.5306282510621704,1.7404661748405046,2.5649493574615367,0.9932517730102834,1.547562508716013,1.7227665977411035,2.624668592163159,2.028148247292285,1.7404661748405046,1.5260563034950492,2.028148247292285,0.9555114450274363,1.5040773967762742,1.7749523509116738,0.7884573603642703,0.8754687373538999,1.3862943611198906,1.5260563034950492,1.5260563034950492,2.388762789235098,2.028148247292285,1.0986122886681098,0.4054651081081644,0.47000362924573563,2.803360380906535,1.1314021114911006,1.62924053973028,1.589235205116581,1.791759469228055,-0.10536051565782628,0.5877866649021191,1.3609765531356006,1.7227665977411035,-0.916290731874155,0.9555114450274363,1.2809338454620642,1.824549292051046,3.1612467120315646,1.3609765531356006,1.0647107369924282,1.0986122886681098,1.547562508716013,1.0986122886681098,1.4350845252893227,1.33500106673234,1.0986122886681098,1.4586150226995167,1.0647107369924282,1.2237754316221157,2.1400661634962708,2.1972245773362196,1.5686159179138452,1.2809338454620642,0.7884573603642703,1.0296194171811581,-0.2231435513142097,0.4054651081081644,1.5260563034950492,1.308332819650179,1.2809338454620642,1.0986122886681098,0.7884573603642703,0.6418538861723947,0.9555114450274363,0.5877866649021191,0.8754687373538999,1.4586150226995167,0.9555114450274363,0.09531017980432493,1.1939224684724346,0.9162907318741551,2.2407096892759584,0.26236426446749106,2.128231705849268,1.6094379124341003,1.0647107369924282,2.5726122302071057,2.72785282839839,0.5877866649021191,1.33500106673234,2.066862759472976,0.9555114450274363,2.424802725718295,1.410986973710262,2.509599262378372,1.9021075263969205,1.9315214116032138,1.5040773967762742,-0.10536051565782628,0.5306282510621704,0.3364722366212129,0.6931471805599453,0.0,0.0,1.0296194171811581,0.26236426446749106,2.424802725718295,2.772588722239781,0.26236426446749106,0.26236426446749106,0.47000362924573563,-0.10536051565782628,1.0296194171811581,-0.6931471805599453,