{"N":766,"J":85,"y":[2.2300144001592104,2.4932054526026954,1.3609765531356006,1.308332819650179,1.0647107369924282,2.0794415416798357,1.5040773967762742,2.128231705849268,0.47000362924573563,1.33500106673234,1.2237754316221157,1.7404661748405046,2.772588722239781,1.1631508098056809,0.9932517730102834,0.3364722366212129,2.624668592163159,1.916922612182061,0.7419373447293773,1.791759469228055,0.7419373447293773,1.7578579175523736,2.0918640616783932,0.47000362924573563,1.6863989535702288,1.824549292051046,2.272125885509337,1.9315214116032138,1.2809338454620642,1.0986122886681098,0.7884573603642703,1.6863989535702288,1.9740810260220096,1.7404661748405046,1.9740810260220096,1.6094379124341003,0.9555114450274363,1.4586150226995167,-0.916290731874155,2.2300144001592104,0.5306282510621704,1.9021075263969205,2.9601050959108397,1.3862943611198906,1.0986122886681098,0.8754687373538999,0.4054651081081644,1.5686159179138452,1.3862943611198906,1.6094379124341003,0.4054651081081644,1.5686159179138452,1.9315214116032138,2.2617630984737906,2.2407096892759584,0.5306282510621704,2.4932054526026954,2.0918640616783932,2.379546134130174,1.4350845252893227,2.7536607123542622,2.8622008809294686,2.3608540011180215,2.066862759472976,2.312535423847214,1.1939224684724346,2.424802725718295,1.410986973710262,2.509599262378372,1.9021075263969205,0.5877866649021191,1.33500106673234,2.066862759472976,0.9555114450274363,1.916922612182061,1.2237754316221157,1.2237754316221157,2.0412203288596382,0.3364722366212129,2.302585092994046,2.2407096892759584,1.9021075263969205,2.312535423847214,1.8870696490323797,0.9932517730102834,1.0647107369924282,0.7884573603642703,1.0647107369924282,0.0,1.0647107369924282,1.547562508716013,1.5686159179138452,0.6418538861723947,1.33500106673234,2.186051276738094,2.0014800002101243,0.8329091229351039,1.3609765531356006,1.9740810260220096,0.7419373447293773,1.1631508098056809,2.5257286443082556,1.5040773967762742,1.3609765531356006,1.1939224684724346,2.128231705849268,1.6094379124341003,1.0647107369924282,2.5726122302071057,2.72785282839839,0.4054651081081644,1.5260563034950492,1.308332819650179,2.0014800002101243,0.6418538861723947,1.667706820558076,1.3862943611198906,1.410986973710262,1.0296194171811581,0.6418538861723947,0.1823215567939546,0.4054651081081644,1.2237754316221157,2.1400661634962708,2.1972245773362196,1.2809338454620642,1.2237754316221157,1.4350845252893227,0.8329091229351039,1.6486586255873816,-2.3025850929940455,-0.2231435513142097,1.4816045409242156,1.6094379124341003,0.7419373447293773,0.5306282510621704,2.0918640616783932,0.47000362924573563,2.5572273113676265,2.2617630984737906,1.7749523509116738,2.1972245773362196,2.128231705849268,1.1314021114911006,2.4423470353692043,2.2617630984737906,1.410986973710262,1.9021075263969205,2.0149030205422647,2.2192034840549946,-0.6931471805599453,0.4054651081081644,0.5306282510621704,0.3364722366212129,0.0,1.840549633397487,1.5260563034950492,1.7404661748405046,1.62924053973028,0.8329091229351039,1.1631508098056809,0.9162907318741551,1.0296194171811581,1.1314021114911006,0.47000362924573563,1.547562508716013,0.9932517730102834,2.4849066497880004,1.1631508098056809,1.4350845252893227,1.33500106673234,1.8718021769015913,1.62924053973028,2.4849066497880004,1.62924053973028,2.186051276738094,1.7578579175523736,1.5260563034950492,0.3364722366212129,0.7419373447293773,1.4816045409242156,0.8754687373538999,1.589235205116581,1.0986122886681098,1.0296194171811581,1.3609765531356006,3.169685580677429,1.0296194171811581,3.8753590210565547,2.1162555148025524,0.26236426446749106,0.47000362924573563,-0.10536051565782628,1.0296194171811581,-0.6931471805599453,0.4054651081081644,1.9600947840472698,-0.6931471805599453,1.1631508098056809,2.2617630984737906,1.4350845252893227,2.1972245773362196,1.840549633397487,3.484312288372662,2.580216829592325,2.0014800002101243,1.5686159179138452,1.916922612182061,1.8562979903656263,1.7047480922384253,2.0541237336955462,1.4816045409242156,0.9932517730102834,1.9878743481543455,1.308332819650179,1.0647107369924282,1.4816045409242156,2.128231705849268,1.62924053973028,1.2809338454620642,0.4054651081081644,2.151762203259462,2.3608540011180215,0.7884573603642703,0.5877866649021191,1.2237754316221157,1.4586150226995167,1.3609765531356006,0.26236426446749106,1.4350845252893227,-0.2231435513142097,0.6931471805599453,2.272125885509337,1.8562979903656263,1.5260563034950492,1.7227665977411035,2.9444389791664403,1.0986122886681098,1.62924053973028,2.0412203288596382,2.0918640616783932,1.547562508716013,0.6418538861723947,0.9555114450274363,0.5877866649021191,0.8754687373538999,1.4586150226995167,0.9555114450274363,0.09531017980432493,1.1939224684724346,0.9162907318741551,2.2407096892759584,0.26236426446749106,0.5877866649021191,0.47000362924573563,-0.10536051565782628,1.0647107369924282,1.4816045409242156,0.4054651081081644,1.410986973710262,1.4586150226995167,1.7047480922384253,1.9021075263969205,1.667706820558076,1.1314021114911006,0.7419373447293773,1.9878743481543455,1.62924053973028,0.7884573603642703,2.766319109226186,2.2512917986064953,1.8562979903656263,1.5040773967762742,1.6094379124341003,1.2237754316221157,1.410986973710262,2.451005098112319,1.9740810260220096,1.547562508716013,1.547562508716013,2.322387720290225,2.424802725718295,2.028148247292285,2.468099531471619,0.6931471805599453,2.4336133554004498,2.322387720290225,0.1823215567939546,1.1631508098056809,1.4586150226995167,0.7884573603642703,1.6863989535702288,3.2268439945173775,2.388762789235098,1.8562979903656263,0.6931471805599453,1.0986122886681098,1.5040773967762742,0.7419373447293773,2.0794415416798357,2.2192034840549946,2.3608540011180215,3.1780538303479458,2.2082744135228043,2.33214389523559,1.3609765531356006,0.5877866649021191,2.2925347571405443,0.8329091229351039,1.4816045409242156,1.0296194171811581,0.1823215567939546,2.3608540011180215,2.4336133554004498,2.33214389523559,1.1314021114911006,1.2809338454620642,0.9932517730102834,1.3862943611198906,2.6602595372658615,2.028148247292285,0.9555114450274363,3.7727609380946383,1.589235205116581,1.589235205116581,1.252762968495368,1.5686159179138452,1.7227665977411035,1.252762968495368,1.3609765531356006,1.9021075263969205,2.5572273113676265,0.9555114450274363,3.2809112157876537,0.4054651081081644,2.5649493574615367,2.174751721484161,2.970414465569701,2.1972245773362196,2.5726122302071057,1.2809338454620642,1.6094379124341003,2.5649493574615367,1.9740810260220096,1.916922612182061,2.5494451709255714,2.2512917986064953,1.791759469228055,1.33500106673234,0.5877866649021191,1.9315214116032138,1.547562508716013,2.2512917986064953,1.8562979903656263,1.4816045409242156,2.4159137783010487,2.302585092994046,1.5040773967762742,2.0794415416798357,0.8329091229351039,1.1631508098056809,1.6094379124341003,1.410986973710262,0.09531017980432493,0.6931471805599453,1.0647107369924282,0.7419373447293773,2.0541237336955462,1.33500106673234,0.9162907318741551,1.0647107369924282,0.9162907318741551,2.2407096892759584,2.0149030205422647,1.8562979903656263,2.1162555148025524,0.7419373447293773,1.1939224684724346,0.26236426446749106,1.6094379124341003,1.9459101490553132,1.7404661748405046,2.312535423847214,1.8870696490323797,1.1939224684724346,1.6094379124341003,2.0014800002101243,2.6741486494265287,0.5877866649021191,2.0014800002101243,0.9555114450274363,1.308332819650179,0.6418538861723947,1.6094379124341003,1.916922612182061,1.2809338454620642,0.7884573603642703,0.9555114450274363,0.7419373447293773,1.9459101490553132,0.1823215567939546,1.33500106673234,1.252762968495368,1.4350845252893227,2.151762203259462,1.824549292051046,1.6486586255873816,0.9932517730102834,0.1823215567939546,1.252762968495368,1.7047480922384253,1.7047480922384253,0.1823215567939546,1.589235205116581,1.3862943611198906,1.252762968495368,0.9162907318741551,0.1823215567939546,0.9932517730102834,0.5306282510621704,1.1314021114911006,-0.35667494393873245,0.0,2.322387720290225,2.0412203288596382,0.7884573603642703,